company_id,year,cfo_sign,cfi_sign,cff_sign,pattern_label
1,2013,+,-,+,Mixed
1,2014,+,-,+,Mixed
1,2015,+,-,-,Shareholder Returns
1,2016,+,+,-,Liquidating Assets
1,2017,+,-,-,Shareholder Returns
1,2018,+,+,-,Liquidating Assets
1,2019,+,-,-,Shareholder Returns
1,2020,-,-,+,Growth Funded by Debt
1,2021,-,-,+,Growth Funded by Debt
1,2022,+,-,-,Shareholder Returns
1,2023,+,-,+,Mixed
1,2024,+,-,+,Mixed
2,2010,+,-,+,Mixed
2,2011,+,+,-,Liquidating Assets
2,2012,-,+,-,Unclassified
2,2013,+,+,+,Cash Accumulator
2,2014,+,-,-,Shareholder Returns
2,2015,+,-,+,Mixed
2,2016,+,-,+,Mixed
2,2017,+,-,-,Shareholder Returns
2,2018,+,-,+,Mixed
2,2019,+,-,-,Shareholder Returns
2,2020,+,-,-,Shareholder Returns
2,2021,+,-,-,Shareholder Returns
2,2022,+,-,-,Shareholder Returns
2,2023,+,+,-,Liquidating Assets
2,2024,+,-,+,Mixed
3,2013,+,-,-,Reinvestor
3,2014,+,-,+,Mixed
3,2015,+,-,+,Mixed
3,2016,+,-,-,Shareholder Returns
3,2017,+,-,-,Shareholder Returns
3,2018,+,-,-,Shareholder Returns
3,2019,+,-,+,Mixed
3,2020,+,-,+,Mixed
3,2021,+,-,-,Shareholder Returns
3,2022,+,+,+,Cash Accumulator
3,2023,+,-,+,Mixed
3,2024,+,-,-,Shareholder Returns
4,2010,+,-,-,Reinvestor
4,2011,+,-,-,Reinvestor
4,2012,+,-,+,Mixed
4,2013,+,-,+,Mixed
4,2014,+,-,-,Shareholder Returns
4,2015,+,-,-,Shareholder Returns
4,2016,+,-,-,Shareholder Returns
4,2017,+,-,-,Shareholder Returns
4,2018,+,-,+,Mixed
4,2019,+,-,+,Mixed
4,2020,+,-,-,Shareholder Returns
4,2021,+,-,-,Shareholder Returns
4,2022,+,-,+,Mixed
4,2023,+,-,+,Mixed
4,2024,+,-,+,Mixed
5,2013,+,-,+,Mixed
5,2014,+,-,-,Reinvestor
5,2015,+,-,+,Mixed
5,2016,+,-,-,Reinvestor
5,2017,+,-,-,Reinvestor
5,2018,+,-,-,Reinvestor
5,2019,-,-,-,Pre-Revenue
5,2020,+,-,-,Reinvestor
5,2021,+,-,+,Mixed
5,2022,-,-,-,Pre-Revenue
5,2023,+,+,-,Liquidating Assets
5,2024,+,-,+,Mixed
6,2013,+,-,-,Reinvestor
6,2014,+,-,+,Mixed
6,2015,+,-,+,Mixed
6,2016,+,-,-,Reinvestor
6,2017,+,-,+,Mixed
6,2018,+,-,+,Mixed
6,2019,+,-,-,Reinvestor
6,2020,+,-,+,Mixed
6,2021,+,-,+,Mixed
6,2022,+,-,+,Mixed
6,2023,+,-,-,Reinvestor
6,2024,+,-,+,Mixed
7,2010,+,-,+,Mixed
7,2011,+,-,-,Reinvestor
7,2012,+,+,-,Liquidating Assets
7,2013,+,-,-,Shareholder Returns
7,2014,+,-,+,Mixed
7,2015,+,-,+,Mixed
7,2016,-,+,+,Distress Signal
7,2017,+,+,+,Cash Accumulator
7,2018,+,-,+,Mixed
7,2019,+,-,-,Shareholder Returns
7,2020,+,-,-,Shareholder Returns
7,2021,+,-,+,Mixed
7,2022,+,-,-,Shareholder Returns
7,2023,+,-,+,Mixed
7,2024,+,-,+,Mixed
8,2010,+,+,-,Liquidating Assets
8,2011,+,-,+,Mixed
8,2012,+,-,+,Mixed
8,2013,+,+,+,Cash Accumulator
8,2014,+,-,+,Mixed
8,2015,+,-,+,Mixed
8,2016,+,+,-,Liquidating Assets
8,2017,+,-,+,Mixed
8,2018,+,-,-,Shareholder Returns
8,2019,+,-,+,Mixed
8,2020,+,-,+,Mixed
8,2021,+,+,+,Cash Accumulator
8,2022,+,-,+,Mixed
8,2023,+,-,-,Shareholder Returns
8,2024,+,-,+,Mixed
9,2010,+,-,+,Mixed
9,2011,+,-,+,Mixed
9,2012,+,-,+,Mixed
9,2013,+,-,-,Shareholder Returns
9,2014,+,-,+,Mixed
9,2015,+,-,-,Shareholder Returns
9,2016,+,-,-,Shareholder Returns
9,2017,+,-,-,Shareholder Returns
9,2018,+,-,-,Shareholder Returns
9,2019,+,+,-,Liquidating Assets
9,2020,+,-,-,Shareholder Returns
9,2021,-,-,+,Growth Funded by Debt
9,2022,+,-,-,Shareholder Returns
9,2023,+,-,-,Shareholder Returns
9,2024,+,-,-,Shareholder Returns
10,2013,+,-,+,Mixed
10,2014,+,-,-,Shareholder Returns
10,2015,+,-,+,Mixed
10,2016,+,-,-,Shareholder Returns
10,2017,+,-,-,Shareholder Returns
10,2018,+,-,-,Shareholder Returns
10,2019,+,-,-,Shareholder Returns
10,2020,+,-,-,Shareholder Returns
10,2021,+,-,-,Shareholder Returns
10,2022,+,+,+,Cash Accumulator
10,2023,+,-,+,Mixed
10,2024,+,-,+,Mixed
11,2011,+,-,+,Mixed
11,2012,+,-,-,Shareholder Returns
11,2013,+,-,+,Mixed
11,2014,+,-,+,Mixed
11,2015,+,-,+,Mixed
11,2016,+,-,+,Mixed
11,2017,+,+,+,Cash Accumulator
11,2018,+,-,-,Shareholder Returns
11,2019,+,-,-,Shareholder Returns
11,2020,+,+,+,Cash Accumulator
11,2021,+,-,+,Mixed
11,2022,+,-,-,Shareholder Returns
11,2023,+,-,+,Mixed
11,2024,+,-,+,Mixed
12,2021,+,-,+,Mixed
12,2022,+,-,-,Shareholder Returns
12,2023,+,+,+,Cash Accumulator
12,2024,+,-,-,Shareholder Returns
13,2011,+,-,-,Reinvestor
13,2012,+,-,+,Mixed
13,2013,+,-,+,Mixed
13,2014,+,-,+,Mixed
13,2015,+,-,-,Shareholder Returns
13,2016,+,+,-,Liquidating Assets
13,2017,+,-,+,Mixed
13,2018,+,-,-,Shareholder Returns
13,2019,+,-,-,Shareholder Returns
13,2020,+,-,+,Mixed
13,2021,+,-,-,Shareholder Returns
13,2022,-,-,+,Growth Funded by Debt
13,2023,+,-,+,Mixed
13,2024,+,-,+,Mixed
13,2010,+,-,+,Mixed
14,2011,+,-,-,Reinvestor
14,2012,+,-,+,Mixed
14,2013,+,-,-,Shareholder Returns
14,2014,+,-,+,Mixed
14,2015,+,-,-,Shareholder Returns
14,2016,+,-,+,Mixed
14,2017,+,-,-,Shareholder Returns
14,2018,+,-,+,Mixed
14,2019,+,-,-,Reinvestor
14,2020,+,-,+,Mixed
14,2021,+,-,+,Mixed
14,2022,+,-,+,Mixed
14,2023,+,-,-,Shareholder Returns
14,2024,+,+,-,Liquidating Assets
15,2011,+,+,-,Liquidating Assets
15,2012,+,-,+,Mixed
15,2013,+,-,-,Shareholder Returns
15,2014,+,-,-,Shareholder Returns
15,2015,+,-,+,Mixed
15,2016,+,-,+,Mixed
15,2017,+,+,+,Cash Accumulator
15,2018,+,-,-,Shareholder Returns
15,2019,+,-,+,Mixed
15,2020,-,-,+,Growth Funded by Debt
15,2021,+,-,-,Shareholder Returns
15,2022,+,+,-,Liquidating Assets
15,2023,+,-,+,Mixed
15,2024,+,-,+,Mixed
15,2010,+,-,-,Reinvestor
16,2012,+,-,-,Shareholder Returns
16,2013,+,-,-,Shareholder Returns
16,2014,-,-,+,Growth Funded by Debt
16,2015,+,-,-,Shareholder Returns
16,2016,+,-,-,Shareholder Returns
16,2017,+,-,-,Shareholder Returns
16,2018,+,+,-,Liquidating Assets
16,2019,+,-,+,Mixed
16,2020,+,-,+,Mixed
16,2021,+,-,-,Shareholder Returns
16,2022,+,-,-,Shareholder Returns
16,2023,+,-,-,Shareholder Returns
16,2024,+,-,+,Mixed
17,2011,+,-,-,Shareholder Returns
17,2012,+,+,-,Liquidating Assets
17,2013,-,-,+,Growth Funded by Debt
17,2014,+,-,+,Mixed
17,2015,+,-,+,Mixed
17,2016,+,-,-,Shareholder Returns
17,2017,+,-,-,Shareholder Returns
17,2018,+,-,-,Shareholder Returns
17,2019,+,-,-,Shareholder Returns
17,2020,+,-,-,Shareholder Returns
17,2021,+,-,+,Mixed
17,2022,-,-,+,Growth Funded by Debt
17,2023,+,+,-,Liquidating Assets
17,2024,+,-,-,Reinvestor
17,2010,+,-,-,Reinvestor
18,2011,+,-,-,Reinvestor
18,2012,+,-,-,Reinvestor
18,2013,+,-,+,Mixed
18,2014,+,-,+,Mixed
18,2015,+,-,-,Shareholder Returns
18,2016,+,-,+,Mixed
18,2017,+,+,+,Cash Accumulator
18,2018,+,-,-,Shareholder Returns
18,2019,+,-,-,Shareholder Returns
18,2020,+,-,-,Shareholder Returns
18,2021,+,-,-,Shareholder Returns
18,2022,+,-,+,Mixed
18,2023,+,-,+,Mixed
18,2024,+,-,-,Shareholder Returns
19,2010,+,-,+,Mixed
19,2011,+,-,+,Mixed
19,2012,+,-,-,Reinvestor
19,2013,+,-,-,Shareholder Returns
19,2014,+,-,-,Shareholder Returns
19,2015,+,-,-,Shareholder Returns
19,2016,+,-,-,Shareholder Returns
19,2017,+,-,-,Shareholder Returns
19,2018,+,-,+,Mixed
19,2019,+,-,+,Mixed
19,2020,+,-,+,Mixed
19,2021,+,-,+,Mixed
19,2022,+,-,+,Mixed
19,2023,-,-,+,Growth Funded by Debt
19,2024,+,-,-,Reinvestor
20,2012,+,-,+,Mixed
20,2013,+,+,+,Cash Accumulator
20,2014,+,-,-,Reinvestor
20,2015,+,-,-,Reinvestor
20,2016,+,-,+,Mixed
20,2017,+,-,+,Mixed
20,2018,+,-,+,Mixed
20,2019,+,-,+,Mixed
20,2020,+,-,+,Mixed
20,2021,+,-,-,Reinvestor
20,2022,+,-,+,Mixed
20,2023,+,-,-,Shareholder Returns
20,2024,+,-,+,Mixed
21,2010,+,-,+,Mixed
21,2011,+,-,+,Mixed
21,2012,+,-,-,Shareholder Returns
21,2013,+,-,+,Mixed
21,2014,+,+,+,Cash Accumulator
21,2015,+,-,+,Mixed
21,2016,+,-,+,Mixed
21,2017,+,-,-,Shareholder Returns
21,2018,+,-,-,Shareholder Returns
21,2019,+,-,+,Mixed
21,2020,-,-,-,Pre-Revenue
21,2021,+,-,-,Shareholder Returns
21,2022,+,+,-,Liquidating Assets
21,2023,+,-,+,Mixed
21,2024,+,-,+,Mixed
22,2011,+,-,+,Mixed
22,2012,+,-,-,Shareholder Returns
22,2013,+,-,+,Mixed
22,2014,+,-,-,Shareholder Returns
22,2015,+,-,-,Shareholder Returns
22,2016,-,-,+,Growth Funded by Debt
22,2017,+,-,-,Shareholder Returns
22,2018,+,-,-,Shareholder Returns
22,2019,+,-,+,Mixed
22,2020,-,-,-,Pre-Revenue
22,2021,+,-,+,Mixed
22,2022,+,+,-,Liquidating Assets
22,2023,+,-,+,Mixed
22,2024,+,-,+,Mixed
23,2012,+,-,-,Shareholder Returns
23,2013,+,-,-,Shareholder Returns
23,2014,+,-,-,Shareholder Returns
23,2015,+,-,-,Shareholder Returns
23,2016,+,-,-,Shareholder Returns
23,2017,+,-,-,Shareholder Returns
23,2018,+,-,-,Shareholder Returns
23,2019,+,-,+,Mixed
23,2020,+,+,+,Cash Accumulator
23,2021,+,-,+,Mixed
23,2022,+,-,-,Shareholder Returns
23,2023,+,-,+,Mixed
23,2024,+,+,+,Cash Accumulator
24,2023,+,-,-,Shareholder Returns
24,2024,+,-,+,Mixed
25,2012,+,-,+,Mixed
25,2013,+,-,+,Mixed
25,2014,+,-,+,Mixed
25,2015,+,-,-,Shareholder Returns
25,2016,+,-,-,Shareholder Returns
25,2017,+,-,-,Shareholder Returns
25,2018,+,-,-,Shareholder Returns
25,2019,+,-,+,Mixed
25,2020,+,-,+,Mixed
25,2021,+,-,-,Shareholder Returns
25,2022,+,-,-,Shareholder Returns
25,2023,+,-,+,Mixed
25,2024,+,-,+,Mixed
26,2012,-,-,+,Growth Funded by Debt
26,2013,+,-,-,Reinvestor
26,2014,+,-,-,Reinvestor
26,2015,+,-,-,Reinvestor
26,2016,+,-,-,Reinvestor
26,2017,+,-,+,Mixed
26,2018,-,-,+,Growth Funded by Debt
26,2019,+,-,+,Mixed
26,2020,-,-,-,Pre-Revenue
26,2021,+,-,+,Mixed
26,2022,+,-,+,Mixed
26,2023,+,+,+,Cash Accumulator
26,2024,+,+,+,Cash Accumulator
27,2013,+,-,+,Mixed
27,2014,+,-,+,Mixed
27,2015,+,+,-,Liquidating Assets
27,2016,+,-,+,Mixed
27,2017,+,-,-,Shareholder Returns
27,2018,+,-,-,Shareholder Returns
27,2019,+,-,+,Mixed
27,2020,+,-,+,Mixed
27,2021,+,-,-,Shareholder Returns
27,2022,+,+,-,Liquidating Assets
27,2023,+,-,-,Shareholder Returns
27,2024,+,-,-,Shareholder Returns
28,2010,+,-,+,Mixed
28,2011,+,-,-,Shareholder Returns
28,2012,+,+,-,Liquidating Assets
28,2013,+,-,+,Mixed
28,2014,+,+,-,Liquidating Assets
28,2015,+,-,+,Mixed
28,2016,+,-,+,Mixed
28,2017,-,-,+,Growth Funded by Debt
28,2018,+,-,-,Shareholder Returns
28,2019,+,-,+,Mixed
28,2020,+,-,-,Reinvestor
28,2021,+,-,+,Mixed
28,2022,+,-,+,Mixed
28,2023,+,-,-,Shareholder Returns
28,2024,+,-,+,Mixed
29,2012,+,-,-,Shareholder Returns
29,2013,+,-,+,Mixed
29,2014,+,-,-,Reinvestor
29,2015,+,-,-,Reinvestor
29,2016,+,-,-,Shareholder Returns
29,2017,+,-,-,Shareholder Returns
29,2018,+,-,-,Shareholder Returns
29,2019,+,-,+,Mixed
29,2020,+,-,-,Shareholder Returns
29,2021,-,-,-,Pre-Revenue
29,2022,+,-,-,Reinvestor
29,2023,+,+,+,Cash Accumulator
29,2024,+,-,-,Shareholder Returns
30,2013,+,-,-,Shareholder Returns
30,2014,+,-,-,Reinvestor
30,2015,+,-,+,Mixed
30,2016,-,-,-,Pre-Revenue
30,2017,+,-,-,Reinvestor
30,2018,+,-,+,Mixed
30,2019,+,-,+,Mixed
30,2020,+,-,-,Shareholder Returns
30,2021,+,-,-,Shareholder Returns
30,2022,+,-,+,Mixed
30,2023,+,-,-,Shareholder Returns
30,2024,+,-,-,Shareholder Returns
31,2010,+,-,-,Shareholder Returns
31,2011,+,-,-,Shareholder Returns
31,2012,+,-,+,Mixed
31,2013,+,-,+,Mixed
31,2014,+,-,-,Shareholder Returns
31,2015,+,-,+,Mixed
31,2016,-,-,+,Growth Funded by Debt
31,2017,+,-,-,Reinvestor
31,2018,+,-,-,Reinvestor
31,2019,+,-,-,Reinvestor
31,2020,+,-,+,Mixed
31,2021,+,-,+,Mixed
31,2022,+,-,-,Shareholder Returns
31,2023,+,-,+,Mixed
31,2024,+,-,-,Shareholder Returns
32,2011,+,-,+,Mixed
32,2012,+,-,-,Reinvestor
32,2013,+,-,-,Reinvestor
32,2014,-,-,-,Pre-Revenue
32,2015,+,-,-,Reinvestor
32,2016,+,-,+,Mixed
32,2017,+,-,-,Reinvestor
32,2018,+,-,-,Shareholder Returns
32,2019,+,-,-,Shareholder Returns
32,2020,+,-,-,Shareholder Returns
32,2021,+,-,-,Shareholder Returns
32,2022,+,-,-,Shareholder Returns
32,2023,+,-,-,Shareholder Returns
32,2024,-,-,+,Growth Funded by Debt
33,2013,+,-,+,Mixed
33,2014,+,-,+,Mixed
33,2015,+,-,-,Shareholder Returns
33,2016,+,-,+,Mixed
33,2017,+,-,+,Mixed
33,2018,-,-,+,Growth Funded by Debt
33,2019,+,-,+,Mixed
33,2020,+,-,+,Mixed
33,2021,+,-,-,Reinvestor
33,2022,+,-,+,Mixed
33,2023,+,+,-,Liquidating Assets
33,2024,+,-,-,Reinvestor
34,2011,+,-,+,Mixed
34,2012,+,-,+,Mixed
34,2013,+,+,-,Liquidating Assets
34,2014,+,-,+,Mixed
34,2015,+,-,+,Mixed
34,2016,+,-,+,Mixed
34,2017,+,-,-,Shareholder Returns
34,2018,+,-,+,Mixed
34,2019,+,-,+,Mixed
34,2020,+,+,-,Liquidating Assets
34,2021,+,-,-,Shareholder Returns
34,2022,+,+,+,Cash Accumulator
34,2023,+,-,+,Mixed
34,2024,+,-,+,Mixed
35,2011,+,-,+,Mixed
35,2012,+,-,+,Mixed
35,2013,+,+,+,Cash Accumulator
35,2014,+,-,-,Shareholder Returns
35,2015,+,-,+,Mixed
35,2016,+,-,-,Shareholder Returns
35,2017,+,-,-,Shareholder Returns
35,2018,+,-,-,Shareholder Returns
35,2019,+,-,-,Shareholder Returns
35,2020,+,-,+,Mixed
35,2021,+,-,+,Mixed
35,2022,+,+,-,Liquidating Assets
35,2023,+,-,+,Mixed
35,2024,+,-,+,Mixed
35,2010,+,+,+,Cash Accumulator
36,2023,+,-,-,Shareholder Returns
36,2024,+,-,+,Mixed
36,2021,+,-,-,Reinvestor
36,2022,+,-,+,Mixed
37,2011,+,-,+,Mixed
37,2012,+,-,-,Shareholder Returns
37,2013,+,-,+,Mixed
37,2014,+,-,-,Shareholder Returns
37,2015,-,-,-,Pre-Revenue
37,2016,+,-,+,Mixed
37,2017,+,+,-,Liquidating Assets
37,2018,-,-,-,Pre-Revenue
37,2019,+,-,-,Reinvestor
37,2020,+,-,+,Mixed
37,2021,+,-,-,Reinvestor
37,2022,+,-,+,Mixed
37,2023,+,-,-,Reinvestor
37,2024,+,-,-,Reinvestor
38,2011,+,-,+,Mixed
38,2012,+,-,+,Mixed
38,2013,+,-,-,Shareholder Returns
38,2014,+,+,+,Cash Accumulator
38,2015,+,-,+,Mixed
38,2016,+,-,+,Mixed
38,2017,+,-,-,Shareholder Returns
38,2018,+,-,+,Mixed
38,2019,+,-,+,Mixed
38,2020,+,-,-,Shareholder Returns
38,2021,+,-,+,Mixed
38,2022,+,-,-,Shareholder Returns
38,2023,+,-,-,Shareholder Returns
38,2024,+,-,+,Mixed
39,2010,+,-,+,Mixed
39,2011,-,+,+,Distress Signal
39,2012,+,-,-,Reinvestor
39,2013,+,-,+,Mixed
39,2014,+,-,+,Mixed
39,2015,+,-,-,Reinvestor
39,2016,-,-,-,Pre-Revenue
39,2017,+,-,-,Reinvestor
39,2018,+,-,-,Reinvestor
39,2019,+,-,-,Reinvestor
39,2020,+,-,-,Reinvestor
39,2021,+,-,+,Mixed
39,2022,+,-,+,Mixed
39,2023,+,-,-,Shareholder Returns
39,2024,+,-,-,Shareholder Returns
40,2013,+,-,+,Mixed
40,2014,+,-,-,Shareholder Returns
40,2015,-,-,+,Growth Funded by Debt
40,2016,+,-,+,Mixed
40,2017,+,+,+,Cash Accumulator
40,2018,+,-,-,Shareholder Returns
40,2019,-,-,-,Pre-Revenue
40,2020,+,-,+,Mixed
40,2021,+,-,-,Shareholder Returns
40,2022,+,-,+,Mixed
40,2023,+,-,+,Mixed
40,2024,+,+,+,Cash Accumulator
41,2012,-,-,+,Growth Funded by Debt
41,2013,+,+,-,Liquidating Assets
41,2014,+,+,-,Liquidating Assets
41,2015,+,-,-,Shareholder Returns
41,2016,+,-,-,Shareholder Returns
41,2017,+,-,-,Shareholder Returns
41,2018,+,-,-,Shareholder Returns
41,2019,+,-,-,Shareholder Returns
41,2020,+,-,-,Shareholder Returns
41,2021,+,-,+,Mixed
41,2022,+,-,-,Shareholder Returns
41,2023,+,-,-,Shareholder Returns
41,2024,+,-,-,Shareholder Returns
42,2010,+,-,+,Mixed
42,2011,+,-,+,Mixed
42,2012,+,-,+,Mixed
42,2013,+,-,-,Shareholder Returns
42,2014,+,-,-,Shareholder Returns
42,2015,+,+,-,Liquidating Assets
42,2016,+,-,-,Shareholder Returns
42,2017,-,-,+,Growth Funded by Debt
42,2018,+,-,-,Shareholder Returns
42,2019,+,-,+,Mixed
42,2020,+,-,+,Mixed
42,2021,+,-,+,Mixed
42,2022,+,+,-,Liquidating Assets
42,2023,+,+,-,Liquidating Assets
42,2024,+,-,+,Mixed
43,2010,+,+,-,Liquidating Assets
43,2011,+,-,-,Shareholder Returns
43,2012,+,-,+,Mixed
43,2013,+,-,-,Shareholder Returns
43,2014,+,-,+,Mixed
43,2015,+,-,-,Shareholder Returns
43,2016,+,+,+,Cash Accumulator
43,2017,+,-,-,Shareholder Returns
43,2018,+,-,-,Shareholder Returns
43,2019,+,+,+,Cash Accumulator
43,2020,+,-,-,Shareholder Returns
43,2021,+,-,-,Reinvestor
43,2022,-,-,-,Pre-Revenue
43,2023,+,-,-,Reinvestor
43,2024,+,-,+,Mixed
44,2011,+,-,+,Mixed
44,2012,+,-,-,Reinvestor
44,2013,+,-,+,Mixed
44,2014,+,-,+,Mixed
44,2015,+,+,+,Cash Accumulator
44,2016,+,-,+,Mixed
44,2017,+,-,-,Shareholder Returns
44,2018,+,-,+,Mixed
44,2019,-,-,-,Pre-Revenue
44,2020,+,-,+,Mixed
44,2021,+,-,-,Shareholder Returns
44,2022,+,-,-,Reinvestor
44,2023,+,-,-,Reinvestor
44,2024,+,-,+,Mixed
45,2011,+,-,+,Mixed
45,2012,+,-,-,Shareholder Returns
45,2013,+,-,+,Mixed
45,2014,+,-,-,Shareholder Returns
45,2015,+,-,-,Shareholder Returns
45,2016,+,-,+,Mixed
45,2017,+,-,-,Shareholder Returns
45,2018,-,+,+,Distress Signal
45,2019,+,-,+,Mixed
45,2020,+,+,+,Cash Accumulator
45,2021,+,-,-,Reinvestor
45,2022,+,-,-,Shareholder Returns
45,2023,+,-,-,Shareholder Returns
45,2024,+,-,-,Shareholder Returns
45,2010,+,-,-,Reinvestor
46,2010,+,-,+,Mixed
46,2011,+,-,-,Shareholder Returns
46,2012,+,-,-,Reinvestor
46,2013,+,-,-,Shareholder Returns
46,2014,+,-,+,Mixed
46,2015,+,-,+,Mixed
46,2016,+,-,-,Shareholder Returns
46,2017,+,-,+,Mixed
46,2018,+,-,-,Reinvestor
46,2019,+,+,+,Cash Accumulator
46,2020,+,-,+,Mixed
46,2021,+,-,-,Reinvestor
46,2022,+,-,+,Mixed
46,2023,+,+,-,Liquidating Assets
46,2024,+,-,+,Mixed
47,2013,+,-,-,Shareholder Returns
47,2014,+,-,-,Shareholder Returns
47,2015,+,-,+,Mixed
47,2016,+,+,-,Liquidating Assets
47,2017,+,-,+,Mixed
47,2018,+,-,-,Shareholder Returns
47,2019,+,-,+,Mixed
47,2020,+,-,+,Mixed
47,2021,+,-,-,Shareholder Returns
47,2022,+,-,-,Shareholder Returns
47,2023,+,-,-,Shareholder Returns
47,2024,+,-,+,Mixed
48,2022,+,-,+,Mixed
48,2023,+,-,+,Mixed
48,2024,+,-,-,Reinvestor
49,2011,-,-,+,Growth Funded by Debt
49,2012,+,-,+,Mixed
49,2013,+,-,-,Shareholder Returns
49,2014,+,-,-,Shareholder Returns
49,2015,+,+,-,Liquidating Assets
49,2016,+,-,+,Mixed
49,2017,+,-,-,Shareholder Returns
49,2018,+,-,+,Mixed
49,2019,+,-,-,Shareholder Returns
49,2020,+,-,-,Shareholder Returns
49,2021,-,-,+,Growth Funded by Debt
49,2022,-,-,+,Growth Funded by Debt
49,2023,+,-,+,Mixed
49,2024,+,-,-,Reinvestor
50,2010,+,-,-,Shareholder Returns
50,2011,+,-,+,Mixed
50,2012,+,-,+,Mixed
50,2013,+,-,+,Mixed
50,2014,+,-,-,Shareholder Returns
50,2015,+,-,+,Mixed
50,2016,+,-,+,Mixed
50,2017,+,-,-,Reinvestor
50,2018,-,-,+,Growth Funded by Debt
50,2019,+,-,-,Shareholder Returns
50,2020,+,-,+,Mixed
50,2021,+,-,-,Shareholder Returns
50,2022,+,-,+,Mixed
50,2023,+,-,-,Shareholder Returns
50,2024,+,-,+,Mixed
51,2011,+,-,+,Mixed
51,2012,+,-,+,Mixed
51,2013,+,+,-,Liquidating Assets
51,2014,+,-,-,Shareholder Returns
51,2015,+,-,-,Shareholder Returns
51,2016,+,-,-,Shareholder Returns
51,2017,+,-,+,Mixed
51,2018,+,-,+,Mixed
51,2019,+,+,+,Cash Accumulator
51,2020,+,-,+,Mixed
51,2021,+,-,-,Shareholder Returns
51,2022,+,-,-,Shareholder Returns
51,2023,+,-,-,Shareholder Returns
51,2024,+,-,+,Mixed
52,2010,+,-,-,Reinvestor
52,2011,+,-,+,Mixed
52,2012,+,+,+,Cash Accumulator
52,2013,+,-,-,Shareholder Returns
52,2014,+,-,+,Mixed
52,2015,+,-,-,Shareholder Returns
52,2016,+,-,-,Shareholder Returns
52,2017,+,-,+,Mixed
52,2018,+,-,-,Shareholder Returns
52,2019,+,-,+,Mixed
52,2020,+,-,-,Shareholder Returns
52,2021,+,-,-,Shareholder Returns
52,2022,-,-,+,Growth Funded by Debt
52,2023,+,-,+,Mixed
52,2024,+,-,+,Mixed
53,2010,+,+,+,Cash Accumulator
53,2011,-,-,-,Pre-Revenue
53,2012,+,-,-,Reinvestor
53,2013,+,-,-,Reinvestor
53,2014,+,-,+,Mixed
53,2015,+,-,+,Mixed
53,2016,+,-,+,Mixed
53,2017,+,-,-,Shareholder Returns
53,2018,+,-,+,Mixed
53,2019,+,-,+,Mixed
53,2020,+,-,+,Mixed
53,2021,+,-,+,Mixed
53,2022,+,-,+,Mixed
53,2023,+,-,-,Shareholder Returns
53,2024,+,-,+,Mixed
54,2013,+,-,-,Reinvestor
54,2014,+,-,-,Reinvestor
54,2015,+,-,-,Reinvestor
54,2016,+,-,-,Shareholder Returns
54,2017,+,-,+,Mixed
54,2018,+,-,+,Mixed
54,2019,+,-,+,Mixed
54,2020,+,-,+,Mixed
54,2021,+,-,-,Shareholder Returns
54,2022,+,-,+,Mixed
54,2023,+,-,+,Mixed
54,2024,+,-,+,Mixed
55,2012,+,-,-,Reinvestor
55,2013,+,-,-,Reinvestor
55,2014,+,-,-,Reinvestor
55,2015,+,-,+,Mixed
55,2016,+,-,+,Mixed
55,2017,-,-,-,Pre-Revenue
55,2018,+,-,+,Mixed
55,2019,+,-,+,Mixed
55,2020,+,-,+,Mixed
55,2021,+,+,+,Cash Accumulator
55,2022,+,-,-,Shareholder Returns
55,2023,+,-,-,Shareholder Returns
55,2024,+,-,+,Mixed
56,2013,+,-,-,Shareholder Returns
56,2014,+,-,+,Mixed
56,2015,+,-,-,Shareholder Returns
56,2016,+,-,-,Shareholder Returns
56,2017,+,-,+,Mixed
56,2018,-,-,-,Pre-Revenue
56,2019,+,-,+,Mixed
56,2020,+,-,-,Shareholder Returns
56,2021,+,-,-,Reinvestor
56,2022,+,+,-,Liquidating Assets
56,2023,+,-,+,Mixed
56,2024,+,-,-,Shareholder Returns
57,2013,+,-,+,Mixed
57,2014,+,-,-,Shareholder Returns
57,2015,+,-,+,Mixed
57,2016,+,-,+,Mixed
57,2017,+,-,+,Mixed
57,2018,+,+,+,Cash Accumulator
57,2019,+,-,-,Shareholder Returns
57,2020,+,-,-,Shareholder Returns
57,2021,+,-,+,Mixed
57,2022,+,+,-,Liquidating Assets
57,2023,+,-,+,Mixed
57,2024,+,-,+,Mixed
58,2011,+,-,-,Reinvestor
58,2012,+,-,+,Mixed
58,2013,-,-,+,Growth Funded by Debt
58,2014,+,-,+,Mixed
58,2015,+,+,-,Liquidating Assets
58,2016,+,-,-,Reinvestor
58,2017,+,-,-,Reinvestor
58,2018,+,-,+,Mixed
58,2019,+,-,+,Mixed
58,2020,+,-,-,Shareholder Returns
58,2021,-,-,+,Growth Funded by Debt
58,2022,+,-,+,Mixed
58,2023,+,-,-,Shareholder Returns
58,2024,+,-,-,Shareholder Returns
59,2011,-,-,-,Pre-Revenue
59,2012,+,-,-,Reinvestor
59,2013,+,-,-,Reinvestor
59,2014,-,-,-,Pre-Revenue
59,2015,+,-,+,Mixed
59,2016,+,-,+,Mixed
59,2017,+,-,+,Mixed
59,2018,+,-,+,Mixed
59,2019,+,-,+,Mixed
59,2020,+,-,-,Shareholder Returns
59,2021,+,-,-,Shareholder Returns
59,2022,+,-,-,Shareholder Returns
59,2023,+,-,-,Shareholder Returns
59,2024,+,+,-,Liquidating Assets
59,2010,+,+,-,Liquidating Assets
60,2022,+,-,+,Mixed
60,2023,+,+,+,Cash Accumulator
60,2024,+,+,-,Liquidating Assets
60,2021,+,-,+,Mixed
61,2012,+,-,+,Mixed
61,2013,+,+,+,Cash Accumulator
61,2014,+,+,-,Liquidating Assets
61,2015,+,-,-,Shareholder Returns
61,2016,+,-,+,Mixed
61,2017,+,-,-,Shareholder Returns
61,2018,+,-,+,Mixed
61,2019,+,-,-,Shareholder Returns
61,2020,+,-,-,Shareholder Returns
61,2021,+,-,-,Shareholder Returns
61,2022,+,-,-,Shareholder Returns
61,2023,+,-,-,Shareholder Returns
61,2024,+,-,+,Mixed
62,2012,+,-,+,Mixed
62,2013,+,-,-,Shareholder Returns
62,2014,-,-,+,Growth Funded by Debt
62,2015,+,-,-,Shareholder Returns
62,2016,+,-,+,Mixed
62,2017,+,-,+,Mixed
62,2018,+,-,+,Mixed
62,2019,+,+,-,Liquidating Assets
62,2020,+,-,-,Shareholder Returns
62,2021,+,-,+,Mixed
62,2022,+,-,-,Shareholder Returns
62,2023,+,-,-,Shareholder Returns
62,2024,+,-,+,Mixed
63,2010,+,-,-,Reinvestor
63,2011,+,-,+,Mixed
63,2012,+,+,+,Cash Accumulator
63,2013,+,-,+,Mixed
63,2014,+,+,+,Cash Accumulator
63,2015,+,-,-,Shareholder Returns
63,2016,+,-,-,Shareholder Returns
63,2017,+,-,-,Shareholder Returns
63,2018,+,-,-,Shareholder Returns
63,2019,+,-,+,Mixed
63,2020,+,-,-,Shareholder Returns
63,2021,+,-,-,Shareholder Returns
63,2022,+,-,+,Mixed
63,2023,+,-,+,Mixed
63,2024,+,-,+,Mixed
64,2011,+,-,-,Reinvestor
64,2012,+,-,-,Reinvestor
64,2013,+,-,-,Shareholder Returns
64,2014,+,-,-,Shareholder Returns
64,2015,+,-,+,Mixed
64,2016,+,-,+,Mixed
64,2017,+,-,+,Mixed
64,2018,+,-,-,Shareholder Returns
64,2019,+,-,-,Shareholder Returns
64,2020,+,-,-,Shareholder Returns
64,2021,+,-,+,Mixed
64,2022,+,-,+,Mixed
64,2023,+,-,+,Mixed
64,2024,+,-,-,Shareholder Returns
65,2010,+,+,+,Cash Accumulator
65,2011,+,+,+,Cash Accumulator
65,2012,+,-,-,Shareholder Returns
65,2013,+,-,-,Shareholder Returns
65,2014,+,-,+,Mixed
65,2015,+,-,+,Mixed
65,2016,+,-,+,Mixed
65,2017,+,-,+,Mixed
65,2018,+,-,-,Shareholder Returns
65,2019,+,-,+,Mixed
65,2020,+,-,+,Mixed
65,2021,+,-,+,Mixed
65,2022,+,-,-,Reinvestor
65,2023,+,-,-,Reinvestor
65,2024,+,-,-,Reinvestor
66,2011,+,-,-,Shareholder Returns
66,2012,+,-,-,Shareholder Returns
66,2013,+,-,+,Mixed
66,2014,+,-,+,Mixed
66,2015,+,-,+,Mixed
66,2016,+,-,-,Reinvestor
66,2017,+,-,-,Shareholder Returns
66,2018,+,-,+,Mixed
66,2019,+,-,-,Shareholder Returns
66,2020,+,-,+,Mixed
66,2021,+,-,+,Mixed
66,2022,+,-,+,Mixed
66,2023,+,-,+,Mixed
66,2024,+,-,-,Shareholder Returns
67,2011,+,-,-,Shareholder Returns
67,2012,+,-,+,Mixed
67,2013,-,-,+,Growth Funded by Debt
67,2014,+,-,+,Mixed
67,2015,+,-,-,Shareholder Returns
67,2016,+,-,-,Shareholder Returns
67,2017,+,-,+,Mixed
67,2018,+,-,+,Mixed
67,2019,+,-,-,Shareholder Returns
67,2020,+,-,+,Mixed
67,2021,+,-,-,Reinvestor
67,2022,+,-,-,Reinvestor
67,2023,+,-,+,Mixed
67,2024,+,-,-,Reinvestor
68,2010,+,-,-,Reinvestor
68,2011,+,-,+,Mixed
68,2012,+,-,+,Mixed
68,2013,+,-,-,Shareholder Returns
68,2014,+,-,-,Shareholder Returns
68,2015,+,-,+,Mixed
68,2016,+,-,+,Mixed
68,2017,+,-,+,Mixed
68,2018,+,-,-,Reinvestor
68,2019,+,-,-,Reinvestor
68,2020,+,-,+,Mixed
68,2021,+,-,-,Shareholder Returns
68,2022,+,-,-,Shareholder Returns
68,2023,+,+,+,Cash Accumulator
68,2024,+,-,+,Mixed
69,2011,+,-,-,Shareholder Returns
69,2012,+,+,+,Cash Accumulator
69,2013,+,-,-,Shareholder Returns
69,2014,+,-,-,Reinvestor
69,2015,+,-,+,Mixed
69,2016,+,-,+,Mixed
69,2017,+,+,-,Liquidating Assets
69,2018,+,+,-,Liquidating Assets
69,2019,+,-,+,Mixed
69,2020,+,-,+,Mixed
69,2021,-,-,-,Pre-Revenue
69,2022,+,-,+,Mixed
69,2023,+,-,+,Mixed
69,2024,+,-,-,Shareholder Returns
70,2012,+,-,-,Reinvestor
70,2013,+,-,-,Reinvestor
70,2014,+,-,+,Mixed
70,2015,+,-,-,Reinvestor
70,2016,+,-,-,Reinvestor
70,2017,+,-,-,Reinvestor
70,2018,+,-,+,Mixed
70,2019,+,-,-,Shareholder Returns
70,2020,+,-,-,Shareholder Returns
70,2021,+,-,+,Mixed
70,2022,+,-,-,Shareholder Returns
70,2023,+,-,+,Mixed
70,2024,-,-,-,Pre-Revenue
71,2013,+,-,+,Mixed
71,2014,+,-,+,Mixed
71,2015,+,-,-,Reinvestor
71,2016,+,-,+,Mixed
71,2017,+,-,+,Mixed
71,2018,+,-,-,Shareholder Returns
71,2019,+,-,+,Mixed
71,2020,+,-,+,Mixed
71,2021,+,-,+,Mixed
71,2022,+,-,+,Mixed
71,2023,+,-,+,Mixed
71,2024,+,-,-,Shareholder Returns
72,2023,+,-,+,Mixed
72,2024,+,-,-,Shareholder Returns
73,2012,+,+,-,Liquidating Assets
73,2013,+,-,-,Shareholder Returns
73,2014,+,-,-,Reinvestor
73,2015,+,-,-,Reinvestor
73,2016,+,-,+,Mixed
73,2017,+,-,+,Mixed
73,2018,+,-,-,Shareholder Returns
73,2019,+,-,-,Shareholder Returns
73,2020,-,-,+,Growth Funded by Debt
73,2021,+,-,-,Shareholder Returns
73,2022,+,-,-,Shareholder Returns
73,2023,+,-,+,Mixed
73,2024,+,-,-,Shareholder Returns
74,2012,+,+,-,Liquidating Assets
74,2013,+,-,-,Shareholder Returns
74,2014,+,-,+,Mixed
74,2015,+,+,+,Cash Accumulator
74,2016,+,-,-,Shareholder Returns
74,2017,+,-,-,Shareholder Returns
74,2018,+,-,-,Shareholder Returns
74,2019,+,-,-,Shareholder Returns
74,2020,+,-,+,Mixed
74,2021,+,-,+,Mixed
74,2022,+,-,-,Shareholder Returns
74,2023,+,-,-,Shareholder Returns
74,2024,+,-,+,Mixed
75,2011,+,-,-,Shareholder Returns
75,2012,+,-,-,Shareholder Returns
75,2013,+,-,+,Mixed
75,2014,+,+,+,Cash Accumulator
75,2015,+,-,-,Shareholder Returns
75,2016,+,-,-,Shareholder Returns
75,2017,+,-,-,Shareholder Returns
75,2018,+,-,+,Mixed
75,2019,+,-,+,Mixed
75,2020,+,-,+,Mixed
75,2021,+,-,-,Shareholder Returns
75,2022,+,-,+,Mixed
75,2023,+,-,-,Shareholder Returns
75,2024,+,-,+,Mixed
76,2012,+,-,-,Reinvestor
76,2013,+,-,+,Mixed
76,2014,+,-,-,Shareholder Returns
76,2015,+,-,-,Shareholder Returns
76,2016,+,-,+,Mixed
76,2017,+,-,-,Shareholder Returns
76,2018,+,-,+,Mixed
76,2019,+,-,+,Mixed
76,2020,+,-,+,Mixed
76,2021,+,-,+,Mixed
76,2022,+,-,-,Shareholder Returns
76,2023,+,-,+,Mixed
76,2024,+,-,+,Mixed
77,2011,+,-,-,Reinvestor
77,2012,+,-,+,Mixed
77,2013,-,-,-,Pre-Revenue
77,2014,+,+,+,Cash Accumulator
77,2015,+,-,+,Mixed
77,2016,+,-,+,Mixed
77,2017,-,+,+,Distress Signal
77,2018,+,-,-,Shareholder Returns
77,2019,+,-,-,Shareholder Returns
77,2020,+,-,+,Mixed
77,2021,+,-,+,Mixed
77,2022,+,-,+,Mixed
77,2023,+,-,-,Reinvestor
77,2024,+,-,-,Shareholder Returns
78,2011,+,-,+,Mixed
78,2012,+,-,+,Mixed
78,2013,+,-,+,Mixed
78,2014,+,-,-,Shareholder Returns
78,2015,+,+,-,Liquidating Assets
78,2016,+,-,+,Mixed
78,2017,+,+,+,Cash Accumulator
78,2018,+,-,+,Mixed
78,2019,+,-,+,Mixed
78,2020,+,-,-,Shareholder Returns
78,2021,+,+,-,Liquidating Assets
78,2022,+,+,+,Cash Accumulator
78,2023,+,-,+,Mixed
78,2024,+,-,+,Mixed
79,2011,+,-,+,Mixed
79,2012,+,-,-,Reinvestor
79,2013,+,-,+,Mixed
79,2014,+,-,+,Mixed
79,2015,+,-,+,Mixed
79,2016,-,-,-,Pre-Revenue
79,2017,+,-,+,Mixed
79,2018,+,-,-,Shareholder Returns
79,2019,+,-,+,Mixed
79,2020,+,-,+,Mixed
79,2021,+,+,+,Cash Accumulator
79,2022,+,-,-,Shareholder Returns
79,2023,+,-,+,Mixed
79,2024,+,-,-,Shareholder Returns
79,2010,+,-,+,Mixed
80,2010,+,-,-,Shareholder Returns
80,2011,+,-,+,Mixed
80,2012,+,-,+,Mixed
80,2013,+,-,-,Shareholder Returns
80,2014,+,+,+,Cash Accumulator
80,2015,+,-,+,Mixed
80,2016,-,+,+,Distress Signal
80,2017,+,-,+,Mixed
80,2018,+,-,-,Shareholder Returns
80,2019,+,-,-,Shareholder Returns
80,2020,+,-,+,Mixed
80,2021,+,-,-,Shareholder Returns
80,2022,+,-,+,Mixed
80,2023,+,-,+,Mixed
80,2024,+,-,+,Mixed
81,2010,+,-,-,Shareholder Returns
81,2011,+,+,+,Cash Accumulator
81,2012,+,-,-,Shareholder Returns
81,2013,+,+,-,Liquidating Assets
81,2014,+,-,+,Mixed
81,2015,+,-,+,Mixed
81,2016,+,-,-,Shareholder Returns
81,2017,+,-,-,Shareholder Returns
81,2018,+,-,-,Shareholder Returns
81,2019,+,-,+,Mixed
81,2020,+,-,+,Mixed
81,2021,-,-,+,Growth Funded by Debt
81,2022,+,-,+,Mixed
81,2023,+,-,+,Mixed
81,2024,+,-,+,Mixed
82,2013,+,-,+,Mixed
82,2014,+,-,-,Reinvestor
82,2015,+,-,+,Mixed
82,2016,+,-,-,Reinvestor
82,2017,+,-,+,Mixed
82,2018,+,+,+,Cash Accumulator
82,2019,+,+,+,Cash Accumulator
82,2020,+,-,-,Shareholder Returns
82,2021,+,-,+,Mixed
82,2022,+,-,+,Mixed
82,2023,+,-,-,Shareholder Returns
82,2024,+,-,-,Shareholder Returns
83,2010,+,+,+,Cash Accumulator
83,2011,+,-,-,Shareholder Returns
83,2012,+,+,-,Liquidating Assets
83,2013,+,-,-,Shareholder Returns
83,2014,+,-,+,Mixed
83,2015,+,-,+,Mixed
83,2016,+,-,-,Shareholder Returns
83,2017,+,-,+,Mixed
83,2018,+,-,+,Mixed
83,2019,+,-,+,Mixed
83,2020,+,-,+,Mixed
83,2021,+,-,-,Reinvestor
83,2022,-,-,-,Pre-Revenue
83,2023,+,+,+,Cash Accumulator
83,2024,+,-,-,Reinvestor
84,2022,+,-,-,Reinvestor
84,2023,+,-,+,Mixed
84,2024,-,-,-,Pre-Revenue
85,2011,+,-,-,Shareholder Returns
85,2012,+,-,+,Mixed
85,2013,+,+,-,Liquidating Assets
85,2014,+,-,-,Shareholder Returns
85,2015,-,-,+,Growth Funded by Debt
85,2016,+,-,-,Shareholder Returns
85,2017,+,-,-,Reinvestor
85,2018,+,-,+,Mixed
85,2019,+,-,-,Shareholder Returns
85,2020,+,-,+,Mixed
85,2021,+,-,+,Mixed
85,2022,+,+,+,Cash Accumulator
85,2023,+,-,+,Mixed
85,2024,+,-,+,Mixed
86,2012,+,-,-,Reinvestor
86,2013,-,-,+,Growth Funded by Debt
86,2014,+,-,-,Reinvestor
86,2015,+,-,-,Reinvestor
86,2016,+,-,+,Mixed
86,2017,+,-,-,Reinvestor
86,2018,+,-,-,Reinvestor
86,2019,+,-,+,Mixed
86,2020,+,-,-,Reinvestor
86,2021,+,+,-,Liquidating Assets
86,2022,+,-,-,Shareholder Returns
86,2023,+,+,-,Liquidating Assets
86,2024,+,-,+,Mixed
87,2012,-,+,-,Unclassified
87,2013,+,-,-,Reinvestor
87,2014,+,+,-,Liquidating Assets
87,2015,+,-,+,Mixed
87,2016,+,+,+,Cash Accumulator
87,2017,+,-,+,Mixed
87,2018,+,-,+,Mixed
87,2019,+,-,-,Shareholder Returns
87,2020,+,-,+,Mixed
87,2021,+,-,-,Shareholder Returns
87,2022,+,-,-,Shareholder Returns
87,2023,+,-,+,Mixed
87,2024,+,-,+,Mixed
88,2013,+,-,-,Reinvestor
88,2014,+,-,-,Reinvestor
88,2015,+,-,-,Reinvestor
88,2016,+,-,+,Mixed
88,2017,+,+,-,Liquidating Assets
88,2018,+,-,+,Mixed
88,2019,+,-,+,Mixed
88,2020,+,-,+,Mixed
88,2021,+,-,+,Mixed
88,2022,+,-,-,Shareholder Returns
88,2023,+,-,-,Shareholder Returns
88,2024,+,-,+,Mixed
89,2012,+,-,-,Reinvestor
89,2013,-,-,+,Growth Funded by Debt
89,2014,+,-,+,Mixed
89,2015,+,-,-,Reinvestor
89,2016,+,-,-,Reinvestor
89,2017,+,-,+,Mixed
89,2018,+,-,-,Shareholder Returns
89,2019,+,-,-,Shareholder Returns
89,2020,+,-,+,Mixed
89,2021,+,-,-,Shareholder Returns
89,2022,+,-,-,Shareholder Returns
89,2023,+,+,-,Liquidating Assets
89,2024,+,-,+,Mixed
90,2010,+,-,+,Mixed
90,2011,+,-,+,Mixed
90,2012,-,-,+,Growth Funded by Debt
90,2013,-,-,+,Growth Funded by Debt
90,2014,+,-,+,Mixed
90,2015,+,-,+,Mixed
90,2016,+,-,+,Mixed
90,2017,+,-,-,Shareholder Returns
90,2018,+,-,+,Mixed
90,2019,+,+,+,Cash Accumulator
90,2020,+,-,+,Mixed
90,2021,+,-,-,Shareholder Returns
90,2022,-,-,-,Pre-Revenue
90,2023,+,+,+,Cash Accumulator
90,2024,+,-,+,Mixed
91,2013,+,-,-,Shareholder Returns
91,2014,+,-,-,Shareholder Returns
91,2015,+,-,+,Mixed
91,2016,+,+,-,Liquidating Assets
91,2017,+,-,+,Mixed
91,2018,+,-,-,Shareholder Returns
91,2019,+,-,+,Mixed
91,2020,+,-,-,Shareholder Returns
91,2021,+,-,+,Mixed
91,2022,+,+,+,Cash Accumulator
91,2023,+,-,-,Shareholder Returns
91,2024,+,-,+,Mixed
92,2011,+,-,+,Mixed
92,2012,+,-,-,Shareholder Returns
92,2013,+,-,-,Shareholder Returns
92,2014,+,+,-,Liquidating Assets
92,2015,+,-,+,Mixed
92,2016,+,+,-,Liquidating Assets
92,2017,+,-,-,Shareholder Returns
92,2018,+,-,+,Mixed
92,2019,+,-,+,Mixed
92,2020,+,-,-,Shareholder Returns
92,2021,+,-,+,Mixed
92,2022,+,-,-,Reinvestor
92,2023,+,-,-,Reinvestor
92,2024,+,-,+,Mixed
92,2010,+,-,-,Reinvestor
